pleiadesId,geonamesId
197488,3190088
206927,686590
206928,663394
207304,686288
207395,783764
217044,673382
511187,738927
101190,2745673
108729,2975050
108735,2956891
108736,2907391
108736,2956710
108739,2803246
108746,2871190
108746,2956206
108748,3038350
108749,2885438
108749,2940925
108749,3247449
108750,2809346
108750,2831194
108750,2839380
108750,2885273
108750,2925307
108750,2935414
108750,2949082
108750,2956405
108751,/8593864
108751,2803692
108751,2803912
108751,2806107
108751,2809712
108751,2810612
108751,2826466
108751,2845257
108751,2847013
108751,2847619
108751,2851014
108751,2853810
108751,2871663
108751,2873613
108751,2875695
108751,2886242
108751,2891836
108751,2894429
108751,2927354
108751,2929622
108751,2947284
108751,2955867
108751,2957833
108751,2958023
108751,6324464
108751,8593863
108754,2973783
108754,3011438
108755,3032712
108761,2821005
108761,2955292
108765,2785389
108788,3034514
108798,2948184
108801,2847684
108801,2928396
108801,2948937
108802,2813453
108802,2869306
108809,2815186
108809,2942079
108809,2948821
108809,2948825
108810,2948056
108816,3032238
108818,2878815
108818,2895877
108818,2940870
108818,2946447
108818,2949619
108820,2806142
108820,2812150
108828,3029771
108835,2857167
108835,2862485
108835,2937349
108837,2863105
108837,2864591
108837,2893836
108837,2893837
108839,2917487
108839,2940512
108840,2800698
108844,2645841
108844,2653266
108859,2892965
108863,2937790
108864,2892488
108867,2948349
108875,2757874
108879,3026309
108894,2821164
108896,2805385
108896,2814132
108896,2815814
108896,2873646
108896,2948243
108896,2948349
108896,2951612
108900,2641224
108903,2660123
108903,2871545
108903,2886946
108906,2886968
108906,2919118
108906,3207786
108908,2754652
108938,2890660
108941,2919495
108941,2935825
108944,3027487
108958,2798847
108977,3023511
108979,2920085
109000,2757930
109002,2921502
109008,3031133
109013,2866336
109016,2940925
109016,3015368
109016,3247449
109041,2847049
109041,3020321
109050,2899767
109053,3013155
109068,2823364
109068,2885332
109068,2894553
109068,2921144
109069,2998322
109074,8468761
109075,6555606
109089,2885165
109092,2883471
109092,2896734
109093,2793907
109126,2988507
109128,2996938
109141,2866336
109150,2872649
109167,2870534
109169,2805319
109169,2809346
109169,2812094
109169,2820499
109169,2859481
109169,2863240
109169,2869940
109169,2873622
109169,2874225
109169,2880270
109169,2887987
109169,2896015
109169,2896020
109169,2920329
109169,2926666
109169,2933907
109169,2944180
109169,6555297
109169,8740800
109169,874225
109174,2944800
109188,2790471
109188,2796569
109190,2991031
109205,2846092
109205,2852309
109205,2908403
109205,2925533
109205,2926626
109207,2863608
109208,2863597
109209,2990420
109215,2826652
109215,2864118
109215,2917328
109215,2934246
109216,11215711
109216,2659152
109216,2659422
109224,2830582
109224,2864572
109232,2803073
109236,3003603
109252,2852762
109254,2975967
109274,2984136
109278,2983698
109281,2848335
109281,2952954
109281,3018969
109281,3023990
109281,3034991
109287,2982652
109292,2787521
109297,3208114
109317,2833134
109317,2975199
109321,3037854
109335,3034802
109348,2973999
109362,2823755
109362,2847595
109366,2972936
109369,2785809
109382,2803723
109382,2860926
109382,2871684
109382,2898360
109382,2929919
109389,2975588
109389,2979197
109389,2984108
109389,3014094
109396,2972350
109398,2785341
10941,3020321
109411,2885438
109413,2784903
109414,2970123
109426,2855767
109427,2953416
109428,2921034
109441,2783952
109444,2938348
109456,2811420
109472,2857076
114762,2659211
114762,3117331
114764,3012394
118537,2959927
118539,2864056
118539,2931741
118559,2957463
118569,2907851
118569,3175960
118571,2768627
118571,2769420
118571,2776859
118572,2814850
118572,2843636
118572,2844451
118572,2898028
118572,2921656
118572,2925177
118572,2926639
118572,2948770
118577,2760430
118577,2773913
118577,2777297
118580,2810129
118580,2829790
118580,2860406
118580,2864252
118580,2938145
118580,2949415
118580,2950446
118580,2954172
118580,6557122
118580,6559028
118581,2763459
118581,2770396
118581,2778714
118590,2855328
118600,2811909
118600,2903567
118600,2930567
118601,3206154
118606,2895933
118609,2922230
118628,2853974
118629,2762702
118629,2763270
118629,2766429
118629,2766951
118629,2768236
118629,2768473
118629,2768844
118629,2770113
118629,2771002
118629,2771682
118629,2771782
118629,2774703
118629,2775386
118629,2777082
118629,2777464
118629,2778283
118629,2782635
118629,7871827
118657,2933772
118673,2771766
118673,2779097
118681,2924802
118697,2885356
118706,2886008
118710,2915372
118716,2913555
118726,2891379
118758,6556938
118769,2895309
118777,2857528
118802,2760669
118802,2760772
118802,2761314
118802,2763560
118802,2764564
118802,2764813
118802,2766365
118802,2769052
118802,2769353
118802,2769488
118802,2769773
118802,2771783
118802,2771867
118802,2772262
118802,2773423
118802,2776725
118802,2779622
118802,2780048
118802,2782347
118802,2782480
118802,2782823
118802,2875909
118803,2772400
118811,2761945
118813,2809671
118813,2850804
118813,2865682
118813,2881980
118813,2907639
118813,2923334
118813,7521438
118813,8505030
118829,2874246
118840,2919652
118840,790803
118901,2761179
118901,2761467
118901,2761524
118901,2762290
118901,2764463
118901,2765886
118901,2766846
118901,2769131
118901,2771962
118901,2773538
118901,2773718
118901,2774391
118901,2775062
118901,2780072
118901,2782332
118901,8410618
118903,2941271
118904,2913657
118904,2913711
118904,2928079
118912,2853969
118912,2868788
118912,2924347
118912,2928379
118912,3206254
118919,2882431
118919,2920304
118926,2835477
118929,2841612
118929,2849483
118929,2870996
118945,2930934
118948,2831872
118968,2826099
118985,2843729
118985,284729
118985,65558161
118985,6558161
118986,2871716
118986,2941251
119017,2873992
119019,2866070
119020,2853923
119026,2857565
119026,2865557
119030,2806461
119030,2867011
119031,2808802
119031,2861737
119042,2814747
119054,2806082
123117,2871079
123119,2861914
128353,2599059
128353,2765538
128353,2771955
128353,2778238
128353,2780017
128353,2780536
128354,2760388
128354,2761369
128354,2765388
128355,2761003
128355,2765101
128355,2781837
128355,2782067
128375,2760652
128376,2760825
128376,2761123
128376,2761758
128376,2761909
128376,2762445
128376,2764288
128376,2764296
128376,2764937
128376,2765558
128376,2765751
128376,2768242
128376,2768357
128376,2768459
128376,2768622
128376,2769013
128376,2769242
128376,2769461
128376,2770684
128376,2770810
128376,2771049
128376,2772003
128376,2772256
128376,2772709
128376,2773721
128376,2773744
128376,2775040
128376,2775808
128376,2776988
128376,2778238
128376,2778355
128376,2780190
128376,2780501
128376,2780842
128376,2781361
128376,2781373
128376,2782068
128376,2782242
128376,3060972
128376,3337263
128376,3337271
128376,7873055
128385,2766765
128385,2770475
128385,7871918
128399,2760449
128399,2769259
128399,3048817
128399,3057792
128399,3058117
128537,2761369
128537,2762150
128537,2771921
128537,2775204
128537,2781780
128537,2977137
128537,2992255
128537,3025162
128537,3034044
138192,3037018
138202,3024635
138206,3035843
138207,3031005
138214,3035173
138248,3031582
138260,3027453
138281,2989317
138373,3006806
138390,2967165
138422,2986495
138424,2998340
138432,2969276
138458,2980340
138459,2996519
138459,3026258
138459,3037790
138533,2983770
138535,2983052
138579,2983154
138650,2987967
140499,2987767
147992,3037682
147993,2994603
147993,3002741
147993,3037352
147997,2976777
148004,3035681
148007,3035268
148027,3028134
148027,3028185
148036,3028542
148036,3033900
148056,3032833
148081,2992944
148085,3017651
148093,2977214
148107,3006121
148123,2968536
148138,2991118
148142,2974658
148142,2990363
148142,2991046
148142,2991118
148142,2995782
148142,3004891
148142,3006056
148142,3024320
148202,3028337
148222,2971258
148222,2974765
148228,2971154
157812,2970962
157812,3037456
157834,2972195
157834,2981783
157834,2988214
157834,2990440
157834,2998917
157834,3001613
157834,3006089
157834,3019095
157834,3019174
157834,3020834
157834,3024946
157834,3026243
157834,3028418
157834,3034041
157834,6455475
157843,2972784
157843,3021382
157861,2985142
157861,3020119
157923,2975100
157923,3034842
157952,3014718
167626,3038358
167630,3038276
167641,3002983
167644,3037749
167646,3002465
167650,2983127
167650,3038354
167657,3036281
167657,3037489
167663,2968267
167663,3009885
167663,3038426
167685,2974675
167685,3037540
167691,2976407
167691,2982841
167691,2982842
167691,3000196
167691,3006554
167691,3007402
167691,3016579
167691,3022161
167691,3030139
167691,3030142
167701,3025033
167734,3014728
167736,299132
167736,2991325
167771,2983408
167771,3018560
167800,3007537
167810,2998639
167859,2659748
167909,2976412
167919,6543783
167932,6615540
167973,2970148
167973,2972273
167973,2977701
167973,2979209
167973,3004963
167973,3009150
167973,3009978
167973,3014718
167973,3016534
167973,3022950
167973,3028513
167973,3029227
177429,2658864
177429,6615404
177434,3038193
177441,2991977
177441,3007680
177445,2661646
177460,3035883
177466,3035247
177468,2661604
177471,2661552
177485,3027484
177489,3021372
177491,3026380
177494,2661681
177495,2661661
177495,2659529
177495,2661661
177514,2657941
177514,3020251
177516,2996251
177518,3019785
177528,2660646
177540,3020141
177557,2659952
177565,2659994
177565,6615402
177568,2996995
177576,2995189
177577,2996882
177580,2659569
177581,2993730
177602,2658123
177624,2658564
177630,2658576
177637,6615404
177639,2657891
177648,2659289
177656,2969644
177657,3033123
177659,2968964
177661,2657976
177661,2661374
177661,6697287
177661,6945087
177663,2658145
177669,2657940
187242,2849001
187242,2929874
187265,2764135
187265,2770260
187265,2772505
187265,2772820
187265,2778305
187265,2780859
187265,2782015
187265,3164301
187265,3164949
187265,3217285
187265,6535938
187292,2661731
187309,2826335
187309,2833918
187309,2853527
187309,2895713
187309,2905641
187309,2925398
187309,2940127
187309,3205634
187322,3181550
187325,2781503
187326,2898028
187335,2891620
187335,2891621
187357,2661169
187382,2923507
187386,2997581
187386,3029306
187386,3178605
187420,2771235
187429,2805419
187432,2760634
187432,2761507
187432,2762341
187432,2762619
187432,2763837
187432,2763900
187432,2764022
187432,2765077
187432,2765231
187432,2765257
187432,2766184
187432,2766710
187432,2766824
187432,2768282
187432,2769682
187432,2770369
187432,2770624
187432,2770720
187432,2771185
187432,2771277
187432,2771633
187432,2771750
187432,2772377
187432,2772507
187432,2773304
187432,2774545
187432,2775160
187432,2775375
187432,2776513
187432,2776761
187432,2776938
187432,2777921
187432,2778361
187432,2778385
187432,2779698
187432,2779982
187432,2780113
187432,2780147
187432,2781735
187432,2813755
187432,2820964
187432,2822075
187432,2822082
187432,2822574
187432,2823390
187432,2823611
187432,2824420
187432,2824582
187432,2831731
187432,2842164
187432,2842703
187432,2851244
187432,2858424
187432,2871179
187432,2873055
187432,2873097
187432,2880129
187432,2890590
187432,2890673
187432,2890770
187432,2892001
187432,2902287
187432,2918434
187432,2924819
187432,2924868
187432,2927351
187432,2927853
187432,2928362
187432,2930367
187432,2933197
187432,2933204
187432,2940127
187432,2952025
187432,2956570
187432,2956940
187432,3322982
187432,6324597
187432,6956617
187432,6956631
187432,7290052
187472,2763668
187485,2659133
187516,2851801
187516,2854396
187531,2820752
187537,2762372
187537,2766572
187537,2769582
187537,2777563
187537,2778083
187537,2780093
187537,2780095
187546,3168114
187546,3178820
187573,2658489
187573,265849
187573,2660859
187581,2760523
187583,2760380
187583,2761042
187583,2762372
187583,2762435
187583,2764786
187583,2765286
187583,2766394
187583,2766434
187583,2766496
187583,2766547
187583,2766738
187583,2767690
187583,2768102
187583,2768287
187583,2769117
187583,2769212
187583,2769637
187583,2769682
187583,2770264
187583,2771290
187583,2771307
187583,2771917
187583,2772036
187583,2772650
187583,2772672
187583,2772849
187583,2774516
187583,2774559
187583,2776595
187583,2777287
187583,2778441
187583,2779719
187583,2779786
187583,2780415
187583,2780657
187583,2780870
187583,2781061
187583,2782023
187583,2782402
187583,2783013
187583,3180925
187583,7871661
187583,7872231
187583,7872235
187583,7872795
187596,2657896
187608,2765715
187608,2775220
187624,2885679
187624,6295536
197062,2760977
197062,2773943
197062,2782552
197062,3047896
197074,3056437
197085,3043175
197088,3202507
197089,3189194
197089,3189237
197089,3189479
197089,3198076
197089,3202873
197089,3261346
197094,3187142
197094,3187702
197094,3192346
197094,3201547
197094,3216446
197095,3190865
197095,3192634
197095,3194242
197095,3198288
197095,3199235
197095,3200622
197095,3203262
197095,3204628
197095,3277965
197097,3189073
197097,3192068
197097,3192576
197097,3197538
197097,3201675
197097,3220270
197097,3318248
197097,3318253
197102,3191963
197102,3192174
197102,3195418
197102,3196834
197109,3047889
197111,3193823
197111,3196464
197112,3187250
197112,3195343
197113,3186886
197113,3187332
197113,3190966
197113,3191200
197113,3193387
197113,3194216
197113,3198172
197113,3201496
197113,3202309
197113,3209380
197113,3217830
197115,11054614
197115,11054614/3199957
197115,3189440
197115,3191979
197115,3199957
197115,3200092
197115,3201426
197126,3194019
197126,3195069
197126,3202184
197127,3188380
197127,3196120
197128,3193936
197128,3199145
197128,3203928
197128,3269756
197128,3295619
197130,3042507
197130,3042947
197130,3042973
197130,3042998
197130,3043224
197130,3043231
197130,3043293
197130,3043317
197130,3043778
197130,3044103
197130,3044220
197130,3044481
197130,3044681
197130,3044774
197130,3044821
197130,3045037
197130,3045039/
197130,3045294
197130,3045386
197130,3045528
197130,3045965
197130,3045979
197130,3046036
197130,3046087
197130,3046340
197130,3046343
197130,3046345
197130,3046353
197130,3046546
197130,3046556
197130,3046658
197130,3047211
197130,3047647
197130,3048072
197130,3048326
197130,3048464
197130,3049979
197130,3050714
197130,3050719
197130,3050781
197130,3051043
197130,3051632
197130,3051657
197130,3051924
197130,3053147
197130,3053281
197130,3053283
197130,3053321
197130,3053684
197130,3053760
197130,3054027
197130,3054439
197130,3054450
197130,3054462
197130,3054643
197130,3054646
197130,3054648
197130,3054651
197130,3054663
197130,3054667
197130,3054853
197130,3055030
197130,3055041
197130,3055062
197130,3055410
197130,3055572
197130,3056022
197130,3056052
197130,3056321
197130,3056326
197130,3056414
197130,7117203
197130,723041
197130,7284823
197130,7284824
197130,7284830
197130,7284834
197130,7284842
197130,7284843
197130,7284844
197134,3192178
197134,3198356
197134,3204492
197139,3189964
197141,3052009
197141,3052182
197141,3055761
197143,3190870
197143,3192278
197143,3193788
197145,3164603
197145,3189112
197145,3193475
197145,3196459
197145,3196971
197145,3197434
197145,3200001
197145,3201449
197145,3201914
197145,3203062
197145,3203322
197145,3204293
197145,3215219
197147,3188756
197147,3191026
197147,3191040
197147,8988389
197148,3189128
197148,3292446
197152,3193788
197155,3045045
197155,3046457
197155,3053448
197155,3056290
197164,3188633
197164,3292512
197167,3187588
197167,3187888
197167,3192320
197167,3196324
197167,3199414
197167,3204220
197167,3213105
197167,3288693
197167,3288697
197167,3288712
197167,3288763
197167,3288867
197167,3288884
197177,3190610
197177,3209465
197178,3189438
197178,3190679
197178,3192674
197178,3194524
197178,3201339
197178,3201468
197178,3201877
197178,3203594
197180,3044083
197180,3044294
197180,3044305
197180,3044774
197180,3044968
197180,3046073
197180,3048005
197180,3049421
197180,3049451
197180,3049511
197180,3049519
197180,3053495
197180,3055002
197180,3056547
197180,3059436
197180,3059760
197180,3059821
197180,6422151
197184,3190443
197184,3191469
197184,3193733
197184,3193773
197184,3194899
197184,3197986
197184,3198135
197184,3199030
197184,3202047
197187,3044475
197187,3047502
197187,3054269
197187,3054630
197187,3054853
197187,7284838
197197,3202544
197197,3204541
197199,3046346
197206,3186844
197206,3187448
197206,3187598
197206,3187661
197206,3187922
197206,3188915
197206,3189776
197206,3190500
197206,3190534
197206,3190707
197206,3190714
197206,3191034
197206,3191062
197206,3191638
197206,3192144
197206,3192241
197206,3193401
197206,3193532
197206,3194693
197206,3196554
197206,3196760
197206,3196768
197206,3197606
197206,3197668
197206,3199219
197206,3201927
197206,3201978
197206,3202517
197206,3202781
197206,3202912
197206,3217102
197206,3338862
197206,3338875
197206,3339120
197206,8987029
197206,8987288
197206,8987506
197206,8987535
197206,8987815
197206,8988008
197206,8988835
197207,3187719
197207,3194552
197208,3053495
197210,3194422
197210,3220478
197211,3187519
197211,3193726
197211,3197902
197212,3194245
197212,3197071
197218,3189942
197218,3339118
197219,3194642
197219,3194643
197219,3199325
197220,7284830
197224,3186331
197224,3190465
197224,3197710
197224,3202868
197225,3192438
197225,3192717
197225,3194381
197225,3201465
197227,3190307
197229,3193885
197229,3202523
197229,3204328
197232,3044084
197232,3046096
197232,3047282
197232,3055671
197235,3197208
197235,3198557
197244,3189536
197244,3189869
197244,3191279
197244,3191736
197244,3192364
197244,3194903
197244,3196627
197244,3200930
197244,3201502
197244,3202321
197244,3203729
197244,3283770
197247,3189823
197247,3191528
197247,3192518
197247,3199359
197247,3262379
197259,3196359
197259,3196776
197259,3199523
197259,8987026
197262,3189844
197262,3192910
197262,3215840
197262,3281054
197263,3196176
197263,3201047
197263,3202825
197263,3263323
197263,3263732
197263,3263806
197263,8963452
197264,3190825
197272,11071328
197272,3193137
197272,3197157
197273,2760679
197273,2761208
197273,2761531
197273,2761979
197273,2762109
197273,2762299
197273,2762604
197273,2763209
197273,2763738
197273,2764082
197273,2764173
197273,2764178
197273,2764505
197273,2764706
197273,2765168
197273,2765224
197273,2766410
197273,2766420
197273,2766485
197273,2766625
197273,2766645
197273,2767154
197273,2767518
197273,2767724
197273,2768164
197273,2768283
197273,2768352
197273,2768415
197273,2768521
197273,2768582
197273,2768758
197273,2768789
197273,2768873
197273,2768897
197273,2768901
197273,2769224
197273,2769366
197273,2769785
197273,2771677
197273,2772326
197273,2772694
197273,2772753
197273,2772802
197273,2772803
197273,2773054
197273,2773253
197273,2773828
197273,2774002
197273,2774530
197273,2774967
197273,2774970
197273,2775018
197273,2775532
197273,2776632
197273,2776734
197273,2776801
197273,2776982
197273,2777462
197273,2777535
197273,2777566
197273,2778067
197273,2778079
197273,2778154
197273,2778478
197273,2778493
197273,2778718
197273,2778945
197273,2779301
197273,2779477
197273,2779516
197273,2779671
197273,2780316
197273,2780331
197273,2780964
197273,2781035
197273,2781330
197273,2782678
197273,2782682
197273,2782972
197273,3186523
197273,3187020
197273,3189917
197273,3190194
197273,3190219
197273,3190238
197273,3190561
197273,3192121
197273,3195162
197273,3195506
197273,3198874
197273,3199881
197273,3335274
197273,3335283
197273,3335371
197273,6950966
197273,7304078
197273,7872522
197273,7873554
197273,8986880
197273,8987037
197275,3054434
197280,3194112
197283,3043865
197287,3044199
197287,3045504
197299,3203427
197308,3188498
197312,3186952
197312,3198457
197312,3200731
197312,3201363
197312,3204121
197312,3204237
197312,3204783
197312,7732854
197318,3192306
197323,3044774
197323,3048895
197323,3050123
197323,3053438
197327,3056177
197329,3187685
197329,3197834
197330,2766401
197330,2775107
197330,2778467
197337,3059760
197337,6690460
197358,3198539
197360,3053454
197362,3046768
197362,3054853
197365,2763594
197365,2769330
197365,2772135
197365,2772869
197365,7871634
197372,3044821
197380,3194659
197380,3198578
197381,3042569
197381,3042631
197381,3043028
197381,3043652
197381,3045268
197381,3045646
197381,3045683
197381,3045836
197381,3047386
197381,3048828
197381,3049291
197381,3049312
197381,3049421
197381,3050409
197381,3050595
197381,3051583
197381,3053403
197381,3053567
197381,3053620
197381,3054456
197381,3055559
197381,3056357
197386,3195890
197389,3055399
197389,3188395
197389,3189161
197389,3193935
197389,3197765
197389,3198060
197389,3204320
197389,3204413
197391,3055839
197400,3187815
197400,3188734
197400,3190780
197400,3192181 (3287533)
197400,3194075
197400,3195222
197400,3196969
197400,3200796
197400,3201198
197400,3201720
197400,3205365
197400,3205501
197400,3213172
197400,3214470
197400,3262021
197400,3287417
197400,3287420
197400,3287702
197404,3190483
197404,3190764
197404,3191918
197404,3194604
197404,3197666
197404,3200147
197404,3201465
197405,3196408
197408,3186534
197408,3187663
197408,3187812
197408,3188018
197408,3188147
197408,3188683
197408,3188723
197408,3189887
197408,3190486
197408,3190506
197408,3191016
197408,3191019
197408,3192749
197408,3193025
197408,3194255
197408,3195689
197408,3196642
197408,3197147
197408,3197148
197408,3197581
197408,3199078
197408,3200335
197408,3200354
197408,3200365
197408,3201159
197408,3201835
197408,3201979
197408,3202844
197408,3203211
197408,3203412
197408,3203475
197408,3204350
197408,3217973
197408,6956379
197408,8987052
197408,8987381
197408,8987485
197408,8987488
197408,8987695
197408,8987902
197408,8988032
197408,8988075
197408,8988211
197408,8988282
197408,8988440
197408,8988502
197408,8989127
197408,8989371
197408,8989501
197408,8989597
197408,8989641
197410,3197986
197413,3191411
197413,3200097
197413,3201412
197413,3281556
197418,3199531
197418,3201531
197418,8505069
197419,3193022
197419,3194114
197419,3197588
197431,3196429
197431,3196551
197434,3199177
197434,3199180
197441,3189686
197441,3192910
197446,3186543
197446,3190249
197446,3192241
197446,3202888
197446,3339111
197446,3339125
197446,3339126
197446,3344922
197446,8986955
197446,8987240
197446,8987672
197448,3187477
197448,3192224
197448,3195307
197452,3042824
197457,3188886
197457,3202128
197457,8987498
197457,8989594
197458,11055025
197458,3189150
197458,3191772
197458,3194172
197458,3197986
197466,3190383
197466,3192353
197466,3200429
197466,3201787
197466,3203458
197466,3204222
197466,3212329
197466,3212381
197466,3212382
197466,3212845
197466,3212846
197466,3257714
197471,3191631
197471,3193504
197471,3194069
197471,3201903
197473,3190941
197473,3197385
197473,3197797
197473,3199613
197473,3200136
197473,3202195
197473,3213283
197475,3191576
197477,3209350
197482,3042583
197482,3042600
197482,3042603
197482,3042617
197482,3042646
197482,3042647
197482,3048573
197482,3048820
197482,3051477
197482,3055255
197482,3194648
197482,3196681
197488,3190261
197488,10376743
197488,3169561
197488,3186233
197488,3186334
197488,3188763
197488,3189686
197488,3190088
197488,3190261
197488,3190359
197488,3194486
197488,3194762
197488,3197055
197488,3197643
197488,3197778
197488,3198062
197488,3198210
197488,3198212
197488,3198214
197488,3198215
197488,3198216
197488,3198218
197488,3201011
197488,3281094
197489,3191655
197490,3199427
197490,3202795
197491,3189928
197491,3193017
197491,3193500
197491,3198424
197491,3198929
197491,3199100
197491,3200620
197491,3200651
197491,3259928
197491,3260092
197498,2760461
197498,2760846
197498,2762729
197498,2763159
197498,2764506
197498,2764717
197498,2766507
197498,2766513
197498,2767111
197498,2767831
197498,2770005
197498,2770721
197498,2770897
197498,2771567
197498,2772380
197498,2775990
197498,2778545
197498,2779243
197498,2781079
197498,2781132
197498,2781820
197498,2782045
197498,3043033
197498,3043040
197498,3043760
197498,3044168
197498,3044310
197498,3044539
197498,3045165
197498,3045175
197498,3045319
197498,3045637
197498,3045879
197498,3046061
197498,3046216
197498,3046852
197498,3048130
197498,3049430
197498,3051001
197498,3052037
197498,3052181
197498,3052330
197498,3053545
197498,3054526
197498,3054597
197498,3056435
197498,7284904
197498,7871930
197501,2760877
197501,2761353
197501,2762059
197501,2766061
197501,2766121
197501,2766549
197501,2768464
197501,2770487
197501,2770803
197501,2770986
197501,2771817
197501,2774612
197501,2775327
197501,2778688
197501,3043525
197501,3045190
197501,3045880
197501,3046323
197501,3048706
197501,3049576
197501,3051038
197501,3051551
197501,3051726
197501,3052637
197501,3052640
197501,3056380
197501,787186
197502,3190692
197502,3193236
197502,3201055
197502,3213252
197504,11049231
197504,3186988
197504,3188979
197504,3190655
197504,3190813
197504,3191150
197504,3193420
197504,3194212
197504,3200315
197504,3201110
197504,3201283
197504,3204681
197505,3191055
197505,3194355
197505,3199010
197505,3273951
197511,3198213
197512,3194245
197512,3195284
197512,3197116
197512,3203195
197512,3203322
197519,3050208
197519,3053163
197519,3053562
197522,3196933
197523,3044454
197523,3046526
197523,3048608
197523,3048611
197523,3055650
197524,3190261
197524,3281054
197534,3188492
197534,3191386
197534,3193804
197534,3198056
197534,3198499
197534,3204572
197541,3191648
197551,3202215
197551,784434
197552,3187449
197552,3188292
197552,3188830
197552,3197556
197552,3200175
197552,3202872
197552,3282032
197555,3187730
197555,3188089
197555,3188763
197555,3191167
197555,3195491
197555,3196835
197555,3198213
197555,3199927
197555,3201395
197555,3202004
1975558,3045659
197556,7284830
197558,3051010
197564,3044681
197564,3046273
197564,3048895
197574,3193342
197574,3203316
197574,3203541
197580,3044774
197580,3054853
197580,3056414
197582,3055234
197583,2760390
197583,2760437
197583,2760473
197583,2760910
197583,2760924
197583,2761174
197583,2761253
197583,2761268
197583,2761303
197583,2761513
197583,2761571
197583,2761937
197583,2762140
197583,2762157
197583,2762315
197583,2762375
197583,2762761
197583,2762785
197583,2762795
197583,2762797
197583,2762917
197583,2762931
197583,2763177
197583,2763282
197583,2763285
197583,2763360
197583,2763505
197583,2763547
197583,2763594
197583,2763607
197583,2763676
197583,2763773
197583,2763790
197583,2763802
197583,2763878
197583,2763905
197583,2764186
197583,2764364
197583,2764374
197583,2764435
197583,2764736
197583,2764748
197583,2765068
197583,2765172
197583,2765175
197583,2765335
197583,2765926
197583,2766349
197583,2766359
197583,2766367
197583,2766379
197583,2766388
197583,2766389
197583,2766399
197583,2766400
197583,2766438
197583,2766442
197583,2766444
197583,2766445
197583,2766459
197583,2766498
197583,2766502
197583,2766504
197583,2766516
197583,2766517
197583,2766531
197583,2766548
197583,2766551
197583,2766563
197583,2766587
197583,2766595
197583,2766615
197583,2766650
197583,2766671
197583,2766687
197583,2766688
197583,2766696
197583,2766706
197583,2766735
197583,2766974
197583,2767030
197583,2767220
197583,2767384
197583,2767465
197583,276768
197583,2767779
197583,2767960
197583,2768155
197583,276825
197583,2768288
197583,2768380
197583,2768404
197583,2768491
197583,2768497
197583,2768498
197583,2768565
197583,2768750
197583,2768894
197583,2769139
197583,2769391
197583,2769431
197583,2769680
197583,2769912
197583,2770290
197583,2770403
197583,2770404
197583,2770432
197583,2770581
197583,2771093
197583,2771188
197583,2771244
197583,2771339
197583,2771588
197583,2771643
197583,2771894
197583,2771910
197583,2771930
197583,2771939
197583,2772135
197583,2772258
197583,2772303
197583,2772391
197583,2772414
197583,2772446
197583,2772673
197583,2772748
197583,2772801
197583,2773026
197583,2773052
197583,2773096
197583,2773321
197583,2773623
197583,2773853
197583,2773873
197583,2774034
197583,2774035
197583,2774124
197583,2774326
197583,2774628
197583,2774698
197583,2774717
197583,2774767
197583,2774895
197583,2775020
197583,2775135
197583,2775365
197583,2775487
197583,2775621
197583,2775726
197583,2776357
197583,2776395
197583,2776779
197583,2777009
197583,2777087
197583,2777189
197583,2777237
197583,2777288
197583,2777649
197583,2777884
197583,2777929
197583,2778145
197583,2778242
197583,2778243
197583,2778326
197583,2778525
197583,2778533
197583,2778533/
197583,2778787
197583,2779229
197583,2779260
197583,2779336
197583,2779450
197583,2779640
197583,2779669
197583,2779703
197583,2779710
197583,2779901
197583,2780006
197583,2780165
197583,2780247
197583,2780416
197583,2780512
197583,2780695
197583,2780936
197583,2781067
197583,2781364
197583,2781452
197583,2781703
197583,2781845
197583,2782049
197583,2782211
197583,2782408
197583,2782417
197583,2782645
197583,2782793
197583,2782902
197583,3324619
197583,3324633
197583,3324655
197583,3324737
197583,6692405
197583,7871634
197583,7872809
197583,7911306
197585,3050212
197585,3052692
203150,3048888
203154,668958
203154,675973
203154,679213
206874,784434
206874,785529
206874,787592
206874,787610
206877,3186246
206877,3202015
206878,788852
206884,673619
206884,671021
206884,673619
206884,685796
206890,665235
206909,729001
206909,729581
206909,729728
206917,662161
206917,665385
206917,671258
206927,671315
206927,686578
206927,3054667
206927,662379
206927,662794C
206927,665385
206927,666017
206927,666973
206927,667268
206927,667526
206927,668003
206927,670985
206927,671315
206927,672110
206927,673180
206927,673481
206927,675703
206927,676248
206927,678826
206927,678866
206927,679812
206927,680631
206927,681466
206927,682428
206927,685437
206927,686578
206928,665994
206928,665995
206928,666940
206928,667067
206928,683028
206928,683030
206933,663207
206938,785961
206938,789634
206938,792302
206960,3191429
206960,3192185
206960,3197095
206960,3199251
206960,3201418
206960,3201935
206960,785288
206960,786884
206960,789076
206960,791581
206963,684972
206970,684564
207001,785559
207001,787612
207025,668694
207058,3189465
207058,3199128
207060,790560
207060,792261
207061,3194360
207061,789695
207069,785714
207072,787611
207077,791612
207078,671681
207078,785103
207088,3187420
207088,3190159
207088,3196331
207088,3196585
207088,3197045
207088,3211623
207088,3211629
207100,678817
207100,682305
207100,789485
207107,792217
207129,668693
207129,669183
207129,670145
207129,671757
207129,677515
207129,677517
207129,677520
207129,681932
207129,685582
207129,686437
207129,686446
207164,786690
207173,79167
207173,791678
207183,788055
207186,675647
207193,788762
207234,668718
207237,786494
207237,792952
207261,3189250
207261,3202729
207261,3204289
207261,3204525
207263,3187116
207263,3187361
207263,3190159
207263,3190736
207263,3191449
207263,3196585
207263,3198287
207263,3204623
207263,3286428
207263,3299301
207263,784401
207263,784857
207263,786728
207263,786824
207263,787709
207263,789774
207263,790286
207263,790306
207263,791073
207263,792078
207263,793093
207267,785756
207267,790966
207273,792214
207286,662327
207286,662417
207286,663018
207286,666524
207286,673180
207286,675918
207286,676232
207286,679452
207286,682097
207286,683706
207286,683873
207286,684340
207286,685932
207286,686011
207293,725335
207293,728785
207293,729114
207293,730681
207293,731023
207293,731426
207293,732112
207293,732704
207303,784119
207303,786980
207303,787657
207303,789443
207303,789625
207303,789861
207303,8260099
207303,8260102
207303,834855
207304,681290
207304,672554
207304,678050
207304,678355
207304,681290
207304,682093
207304,683055
207310,7732864
207310,791469
207322,665659
207336,664124
207336,680332
207340,664124
207345,784535
207357,673829
207359,786219
207359,789211
207361,675302
207361,682685
207361,672930
207361,675302
207362,662920
207362,664460
207362,668101
207362,673365
207362,674384
207365,786819
207376,725905
207376,730319
207376,731791
207376,732210
207376,733373
207376,733642
207382,787863
207382,791393
207382,792784
207385,684264
207392,785287
207395,790776
207404,3187784
207404,3192404
207404,3192638
207404,3193161
207404,3193795
207404,3196619
207404,3199025
207404,3200895
207404,3201220
207404,3298829
207404,3304584
207416,669085
207416,672024
207419,680904
207419,682614
207425,676805
207425,671753
207425,676805
207439,727011
207439,728945
207439,729652
207439,731961
207443,783928
207443,784252
207443,784398
207443,787306
207443,788038
207443,788600
207443,788878
207443,791444
207443,791704
207443,792680
207443,792719
207443,793029
207443,865964
207443,865971
207447,3188009
207447,3189524
207447,3190103
207447,3217094
207447,785614
207447,785850
207447,846896
207472,676805
207484,785103
207485,791175
207488,783920
207488,785288
207495,675144
207495,675803
207495,680961
207495,682729
207500,791731
207500,838293
207500,838315
207500,853420
207501,784192
207501,786413
207504,3188434
207504,3204113
207508,785103
207515,786283
207521,787050
207521,788989
207527,667964
207527,686578
207527,3204692
207527,662230
207527,662327
207527,664202
207527,664415
207527,664698
207527,665850
207527,665982
207527,665992
207527,666939
207527,666959
207527,667964
207527,668323
207527,668815
207527,670154
207527,671076
207527,671574
207527,671633
207527,671757
207527,67253
207527,672533
207527,673180
207527,675918
207527,676129
207527,676277
207527,676293
207527,676892
207527,677237
207527,678444
207527,679050
207527,679478
207527,681299
207527,681537
207527,682748
207527,683545
207527,683710
207527,683748
207527,686254
207527,686578
207549,785756
207549,786100
207549,786827
207549,788218
207549,788220
207549,788757
207549,789210
207549,789458
207549,789464
207549,789662
207549,791017
207551,790721
207576,3306631
216688,727523
216688,727696
216688,728556
216688,728844
216688,731438
216688,731618
216691,678566
216692,727640
216693,733330
216694,664518
216707,6460206
216707,727490
216712,674230
216713,682972
216719,729280
216719,730013
216719,730383
216722,682321
216727,685374
216731,678495
216731,726359
216731,726848
216731,727533
216731,730357
216731,730594
216731,731837
216734,730518
216741,666039
216744,673921
216744,679034
216744,679035
216744,681257
216744,726129
216744,733702
216748,664774
216748,667441
216748,677669
216748,679072
216748,682814
216748,685567
216750,727533
216753,676163
216755,667130
216770,677175
216775,668828
216788,727901
216788,732356
216790,732335
216790,733359
216791,677582
216792,729107
216792,730419
216793,729984
216793,733497
216793,733515
216795,727114
216800,671636
216800,727221
216800,729293
216804,731129
216822,728350
216823,725273
216839,666967
216839,666970
216839,671393
216839,675471
216846,726245
216846,729917
216859,725578
216859,730799
216869,666738
216869,682476
216878,727921
216878,728814
216878,730363
216878,732280
216880,729559
216882,728825
216895,6460853
216895,6460863
216895,725641
216895,725869
216895,725922
216895,725993
216895,726534
216895,726750
216895,726887
216895,727058
216895,727337
216895,727657
216895,728125
216895,728141
216895,728241
216895,728385
216895,728405
216895,728693
216895,728777
216895,728977
216895,729115
216895,729215
216895,729489
216895,729668
216895,730367
216895,730407
216895,730616
216895,731233
216895,732717
216895,732742
216896,729293
216899,673009
216899,726268
216899,726534
216899,728264
216899,728614
216899,729917
216899,730009
216900,618456
216900,675495
216904,726050
216904,728550
216907,682433
216907,664437
216907,728782
216907,729392
216907,729861
216907,730873
216907,731437
216907,731437730982
216907,731866
216907,732910
216907,733406
216908,731437
216916,728632
216916,733673
216927,728193
216927,732937
216935,732266
216943,680929
216965,669148
216965,678635
216978,6460270
216978,726979
216978,732591
216982,726587
216982,727523
216982,730122
216982,732166
216982,733441
216989,729578
216992,725395
216992,727337
216992,728203
216992,728625
216992,729636
216992,729710
216992,729986
216992,732122
216992,732855
216992,732899
216997,682433
216997,664080
216997,675390
216997,680897
216997,682433
217003,729224
217016,662937
217016,663234
217016,663802
217016,664722
217016,664810
217016,670376
217016,672620
217016,673114
217016,673636
217016,673957
217016,674960
217016,678588
217016,679968
217016,680963
217016,680963/671459/?
217016,682839
217016,702187
217021,726141
217023,726293
217023,729194
217025,664464
217025,673152
217025,676012
217025,682347
217025,683902
217027,664583
217027,686688
217027,662136
217027,664583
217027,671541
217027,672336
217027,675556
217027,678027
217027,678182
217027,686688
217027,686713
217027,727582
217027,733736
217033,728782
217033,729080
217038,732916
217039,729658
217043,664015
217044,671381
217044,673382
217048,682860
217049,666970
217049,675471
217054,729805
217056,671381
221979,665359
222026,726546
222226,727079
222241,675471
226617,672602
226617,678633
226748,667305
226748,674078
226748,684964
236334,2738819
236334,2740761
236352,3117781
236352,3129231
236377,2739004
236377,2742032
236405,3105022
236405,3115159
236405,3130454
236405,3130491
236405,3131138
236443,2740592
236465,2503998
236490,3114273
236491,3109642
236505,3104849
236525,3117814
236534,3113802
236546,2262917
236546,2263458
236592,3114531
236598,3109591
236598,3111337
236601,3106672
236642,3111108
236658,3108317
236684,3125082
236692,3107364
240921,2265888
246147,3120270
246147,3131075
246154,3183364
246163,3119081
246169,2969392
246169,3127035
246171,2992997
246173,3021670
246208,3117192
246208,3130909
246212,3106050
246221,3129028
246231,3033809
246247,3127047
246321,3106211
246343,3128760
246344,3104324
246347,2990919
246348,2982452
246352,3130616
246352,3130732
246355,3127757
246369,3104570
246369,3107677
246369,3108057
246369,3128271
246377,3108286
246380,3020584
246382,3112680
246384,3130601
246406,3114549
246406,3121456
246413,3030589
246431,3118514
246431,3129099
246433,3020281
246436,3117164
246437,2989569
246437,3117164
246437,3127161
246437,3129607
246446,3107661
246471,3118342
246518,2517643
246539,3120514
246571,2985925
246600,2981428
246640,3108961
246679,2973385
246688,3115336
246708,3107481
246708,3129658
246721,3123622
246729,3106375
246748,3127611
252224,3119193
255947,2271841
255951,2477715
255969,2521937
255970,2521893
255975,2264508
255975,2271059
255981,2521665
255982,2264538
255990,2515173
255990,2519696
255991,2521585
255991,3116009
255994,2513961
255996,2515403
255996,2518770
256002,2514893
256004,2514538
256004,2516695
256004,2521183
256006,2567224
256041,2520590
256056,2517004
256057,2520832
256091,2516326
256124,2515493
256128,2519240
256149,2516630
256149,2517512
256155,2509947
256155,2513917
256155,2514460
256155,2517913
256157,2518020
256177,2520600
256210,2510911
256220,2267426
256226,2522335
256228,2512294
256231,2511064
256231,2511495
256232,2510301
256232,2510315
256232,2514073
256232,2515086
256232,2515313
256232,3125823
256234,2266442
256236,2509365
256236,2512099
256236,2514226
256236,2517909
256236,2518946
256261,2514894
256261,2515532
256275,2513509
256292,2517515
256298,2513968
256310,2513601
256322,2515096
256332,2515801
256332,2517500
256334,2516118
256334,2518394
256338,2267057
256346,2268339
256347,2516773
256347,2517820
256347,2521557
256358,2270985
256397,2519889
256408,2520266
256411,2513120
256417,2510073
256444,2516325
256449,2514553
256451,2262926
256453,2517534
256453,322001
256456,2509562
256456,2510329
256456,2512805
256456,2518791
256470,2510487
256491,2511680
256491,2516789
256491,2519284
256491,2522070
256491,2522114
256492,2509594
256492,2509949
256492,2511946
256492,2512260
256492,2515002
256499,2517740
256503,2513052
256503,2519163
260603,2263458
260637,2263049
265762,2522430
265763,2522483
265798,2521710
265799,2521710
265801,2520045
265808,2511186
265808,2519240
265810,2516395
265810,2517482
265820,2509495
265823,2521215
265826,2519651
265826,2520558
265834,2510693
265836,2520735
265839,2517898
265846,2520179
265849,2520058
265867,2509363
265867,2513390
265867,2514392
265884,2516479
265890,2518555
265893,2513595
265893,2515868
265899,2517679
265919,2514392
265922,2518559
265925,2512282
265925,2517494
265929,2511063
265930,2509975
265930,2512509
265930,2513801
265930,2521715
265930,2521842
265937,3120288
265939,2514411
265939,2516733
265946,2521991
265954,2521978
265970,2515908
265982,2514896
265982,2516732
265982,2520084
265985,2518607
265994,2514211
265994,2516304
265994,2516317
265994,2522242
265998,2512989
266019,2509934
266019,2513130
266019,2513614
266019,2514192
266019,2516345
266019,2517523
266019,2517989
266019,2518011
266019,2518949
266019,2520150
266019,2520320
266019,2521325
266019,2522129
266021,2511619
266021,2512636
266021,2513115
266021,2513180
266021,2514058
266021,2517223
266021,2517755
266021,2519066
266021,2519069
266021,2520271
266021,2520709
266021,2521085
266021,2521114
266021,2522053
266021,3124392
266038,2521847
266048,2522137
266066,2510409
266066,2512437
266066,3120410
266078,2517432
266081,2517900
266095,2509520
270344,2514107
270380,2509543
271058,2514256
275667,2543549
275740,2541805
285495,2490584
285501,2475687
285530,2479609
2886946,2843568
295221,2479161
295253,2499846
295276,2507480
295280,2476660
295329,2479320
295329,2486508
295334,2500583
295343,2480447
295374,2487444
3048817,3048817
305039,2495662
3050409,3050409
305068,2499912
305082,2491300
305109,2487452
305140,2484802
305150,2479596
305150,2503075
305153,2481700
305153,2502959
305153,2503857
305153,2503901
305841385,2651985
314883,2467914
314887,2472261
314921,2468245
314927,2473184
314943,2467920
315041,2470483
315072,2467815
315152,2473634
315176,2466965
315192,2464871
315199,2477933
315201,2464553
315228,2464704
315231,2464472
315233,2464470
315248,2464205
315251,2473876
315267,2473656
3191411,3281575
324665,2465368
324665,2470789
324684,2468353
324702,2471278
324716,2464915
324767,2469571
324774,2469341
324803,2473493
324816,2464979
324822,2467454
324826,2464795
324829,2473449
324831,2477461
324831,2505308
324836,2469413
324846,2472774
324850,3037393
334513,2497758
334518,2487772
334570,2477528
334570,2505572
334629,2475963
334629,2488193
334632,2477316
334636,2476409
334662,2490122
334669,2474184
344282,2212771
344330,2219918
344334,2468070
344341,2217440
344376,2213364
344377,2220431
344380,2472203
344448,2219905
344469,2219905
344499,2210221
344516,2467783
344519,2476028
344573,2208485
383545,3182634
383579,6535080
383653,3181380
383745,2512432
393441,3170086
393441,3178203
403182,2510913
403182,2512072
403182,2512783
403182,2512991
403182,2513114
403182,2514374
403182,2516336
403182,2517367
403182,2518878
403182,2518923
403182,2521097
403182,2521863
403182,2522432
403235,674500
416766,3169420
422817,3043045
422817,3056437
422987,2509950
422987,2511033
422987,2511179
422987,2511781
422987,2512184
422987,2512470
422987,2513677
422987,2514032
422987,2514324
422987,2514947
422987,2516367
422987,2516789
422987,2517322
422987,2519659
422987,2520314
422987,2520611
422987,2520790
422987,2522074
422987,2522486
422987,3107837
422987,3115303
422987,3116351
423031,2642573
423031,2972736
423031,2973304
423031,2973470
423031,2974370
423031,3028382
432772,3167520
432911,3176059
433032,3170336
442845,2509576
442845,2509954
442845,2510128
442845,2510764
442845,2512862
442845,2513703
442845,2518949
442845,2519464
442845,2520108
442845,2520726
442845,2522047
442845,2522206
462387,256632
472048,3038225
481701,783560
481715,3184433
481728,3184425
481728,3184945
481728,3185672
481728,3185815
481770,3193413
481770,3203106
481784,784711
481808,3187032
481808,3193044
481808,3220470
481808,3342872
481808,3342874
481808,3343075
481818,3185728
481844,6461248
481844,727441
481860,730919
481861,736357
481861,784225
481861,785604
481861,785605
481861,790551
481861,792578
481896,3184935
481949,728335
481949,729730
481949,730169
481982,783263
481983,729681
481983,731055
481986,3184081
481986,3184315
481987,792342
481987,7576125
481987,784359
481987,784747
481987,785266
481987,785354
481987,785620
481987,785679
481987,785842
481987,785897
481987,786093
481987,786466
481987,786595
481987,786978
481987,787072
481987,787562
481987,787670
481987,787853
481987,787923
481987,787985
481987,788102
481987,788550
481987,788579
481987,788938
481987,789545
481987,790314
481987,790321
481987,791131
481987,791149
481987,791330
481987,791335
481987,791442
481987,791539
481987,791720
481987,791885
481987,792342
481987,792566
481987,792568
481987,792854
481987,792879
481987,793113
481987,829567
481987,833260
481987,833357
481987,859077
481987,863665
481987,863860
482027,786714
482027,788652
482027,788794
482027,789472
482027,789895
482027,790265
482027,790383
482027,791299
482027,792822
482027,792916
483987,788494
491511,736971
491527,264670
491572,735342
491572,735960
491616,728923
491627,736076
491631,735914
491672,732138
491731,785871
491731,789541
491731,791542
491742,785380
501323,736676
501337,747503
501351,735861
501402,736261
501450,746983
501458,750525
501466,735795
501471,747728
501482,736250
501482,736618
501503,747728
501507,734449
501507,735308
501515,261557
501516,735193
501525,730058
501572,736447
501596,734359
501596,734808
501596,736017
501597,734358
501616,734894
501616,734943
501616,735282
501634,734094
501635,734093
501649,734798
501649,735364
507387,736386
511153,746983
511163,743762
511163,8273774
511187,738927
511210,738303
511234,679464
511318,741385
511337,745028
511354,745510
511357,741725
511357,749740
511379,741729
511384,750269
511385,746958
511437,744636
511449,740000
511456,748893
520988,744906
520998,745044
520998,747059
520998,747158
520998,750704
520998,750733
521026,751214
521064,740478
525483,747158
530824,363394
530906,261708
531013,253502
531013,256405
531064,255760
531064,265457
540630,265187
540703,260133
540827,261769
543722,256284
550434,298669
550578,301250
550763,256866
550771,311046
550867,301496
570049,265500
570182,264638
570220,261790
570231,262636
570261,2517249
570347,260288
570385,258754
570479,257539
570501,256637
570519,256337
570531,264637
570685,253394
573493,734614
573548,252854
579844,265502
580109,259251
588236457,2821164
589704,257445
589807,261814
590067,264839
599588,263091
599612,7522155
599728,259245
599868,255721
609367,315202
609501,324490
614874,301258
619103,323786
638778,323777
638790,311073
638811,311962
639070,320392
639087,325171
648647,306571
648647,325508
648771,300808
648789,299817
648801,308203
658378,2499232
658378,2501440
658380,734968
658381,323779
658409,733905
658480,302903
658569,310892
658587,301943
668335,734726
668393,734758
674250,257365
678256,2474423
678370,282108
678393,268064
678401,2501440
682538,2501152
69483,3029241
69488,3026047
69539,3012137
69540,2998150
707491,751066
727131,749481
741430,296821
774886524,2645318
786123,359792
79285,2650333
79289,2634540
79292,2657332
79294,265040
79298,2654141
79299,2656173
79340,2646700
79346,2654903
79347,2644645
79352,2639397
79360,2635052
79368,2637846
79370,2653924
79371,6693622
79383,2653276
79389,2654817
79393,2652618
79394,2648404
79395,2644487
79412,2651123
79420,2653228
79420,680152
79424,6950944
79431,2651101
79432,2634683
79432,2653217
79434,2650657
79439,2653877
79440,2648370
79479,2648728
79530,2646055
79531,2649808
79532,2654093
79534,6619736
79542,2654094
79545,2645733
79549,2652995
79552,2635597
79553,2653584
79574,2643743
79587,6942444
79590,2643123
79592,2643124
79593,2643096
79609,2634377
79622,2653192
79622,2756777
79639,2654532
79641,2640250
79646,2651048
79647,2643308
79651,2644668
79654,2639570
79659,2639258
79664,2639391
79677,2644368
79678,2654092
79701,6697033
79710,2636121
79722,2653027
79726,2635202
79726,2655544
79729,2648187
79733,2654087
79734,2633858
79735,2654042
79736,2654589
79739,2638867
79741,2633473
79777,2648405
820631036,747158
83827,2655538
844856,752016
844879,750516
844900,749448
844944,747471
845041,750064
845041,751345
845049,742704
845084,745583
857018,745949
857248,737537
857321,739600
857321,7737652
857359,738648
866051,2545977
874361,7647811
874418,298533
874560,3191631
874560,3193504
89092,2654305
89092,2656072
89102,2642927
89104,2637329
89109,2638445
89109,2647967
89109,7521470
89112,6696137
89114,2656086
89123,2645299
89124,2639267
89124,2650062
89125,2656061
89138,2653600
89143,2653499
89146,2653224
89148,8063585
89150,6693001
89151,2650946
89152,2519234
89152,2652382
89153,2652094
89166,2643142
89171,2650646
89175,2633352
89181,2655783
89189,2647434
89191,2657360
89196,2634227
89196,2650307
89205,2646272
89207,2641942
89207,9317041
89209,2639224
89209,2657563
89215,2635353
89215,2642589
89215,2645308
89222,2644972
89224,2655062
89230,2644968
89234,2653775
89236,2633933
89237,2633553
89239,2655050
89259,2641014
89274,2640299
89275,2641673
89288,2634864
89303,2635560
89304,6942440
89307,2656072
89311,7932545
89312,2654531
89313,6942442
89314,2650283
89315,2642916
89315,2647195
89317,2656621
894019,258576
894133,2468579
894133,735725
894133,735861
897705,3038173
897714,304703
897714,3183989
897714,3185672
897714,3186166
897714,81584
912936,3166018
92124,2891621
952093,2265525
964138,745026
964138,752696
964138,752706
967060304,2648645
967060312,2634864
967060396,6288271
981517,7602388
98921,2750053
98921,2759147
98933,2752899
98934,2759661
98951,2756161
98956,2745793
98976,2846688
98981,2904789
98992,2893774
98997,2744248
99003,2996944
99008,2751773
99014,2759875
99021,2745872
99046,2745912
99046,2753557
991358,2509940
